,0
cabinets,3336
cabinet,2896
storage,2617
metal,1737
steel,1360
heavy,916
duty,891
tool,841
bins,742
drawer,739
stainless,676
garage,618
industrial,604
&,597
drawers,581
with,517
parts,473
box,360
bin,321
for,314
wall,236
boxes,235
organizer,209
shop,192
shelving,185
bolt,183
sale,180
doors,178
custom,169
vidmar,160
small,158
rolling,153
stronghold,153
shelves,152
in,140
commercial,136
slides,134
and,126
strong,122
uline,118
seville,115
rack,115
large,114
workbench,111
x,101
wheels,99
husky,96
out,95
racks,94
inch,93
modular,92
made,91
durham,89
shelf,89
file,89
lista,88
stanley,87
outdoor,87
on,82
door,81
tall,81
containers,79
systems,79
toolbox,78
hold,78
deep,77
ultrahd,76
locking,74
lockable,74
glass,72
classics,72
welded,69
hardware,68
black,68
2,66
locker,65
lyon,63
mobile,63
tooling,62
kennedy,61
36,60
72,60
nut,59
cupboards,58
24,57
usa,57
akro,57
chests,56
base,56
mount,55
equipto,53
bench,53
work,53
best,52
warehouse,51
business,51
sliding,51
lockers,51
global,50
solutions,49
workshop,48
4,48
rousseau,48
pull,48
com,48
home,47
white,46
mounted,44
mils,44
wide,44
pro,41
clear,41
craftsman,40
stackable,40
idesign,39
flammable,39
w,39
gauge,38
high,38
18,38
unit,38
slide,38
30,38
top,37
h,37
3,36
container,36
lock,35
wire,35
mesh,34
wardrobe,34
system,34
under,34
garden,34
security,34
set,34
48,32
me,32
american,32
products,32
closet,32
near,32
12,31
grade,31
manufacturers,31
table,30
steelman,30
utility,30
equipment,28
trinity,28
244,28
gladiator,27
roller,27
20,27
floor,27
newage,27
new,27
roll,26
‚Ñ¢,26
units,26
freestanding,25
extra,25
basket,25
6,25
age,25
proto,24
series,24
job,24
design,24
by,23
cart,23
kobalt,23
sheet,23
red,23
baskets,23
mctavish,23
other,22
steelmaster,22
stand,22
industries,22
d,21
hayley,21
60,21
fire,20
room,20
hanging,20
fastenal,20
56,20
5,20
cubby,19
style,19
tier,19
compartment,19
moduline,19
desk,19
9,19
8,19
part,18
double,18
46,18
automotive,18
1,18
density,18
quantum,17
grainger,17
carts,17
ventilated,17
jobox,17
10,17
workbenches,16
tools,16
display,16
multi,16
westward,16
machine,16
hirsh,16
the,16
vertical,16
secure,16
10ft,16
safety,15
nuts,15
view,15
portable,15
store,15
up,15
waterproof,15
lids,15
counter,15
truck,15
enclosures,15
full,15
dividers,15
mfg,15
cube,15
end,15
95,15
organization,14
see,14
tray,14
organizers,14
gray,14
professional,14
welding,14
frame,14
rotating,14
machinist,14
www,14
mega,14
suihe,14
eagle,14
standing,14
fastener,14
baldhead,14
slim,14
pack,13
drill,13
bolts,13
space,13
side,13
electronic,13
milwaukee,13
supply,13
16,13
tilt,12
14,12
cabnets,12
two,12
glide,12
corner,12
undermount,12
printer,12
handles,12
extension,12
cage,12
rubbermaid,12
span,12
lid,12
stack,12
sink,12
price,12
screw,11
cubbies,11
medical,11
gallon,11
online,11
mdesign,11
through,11
threshold,11
locks,11
gas,11
bidadoo,11
long,11
tower,11
open,11
us,11
cnc,11
material,11
free,11
clothes,11
ideas,11
frontier,11
20cabinet,11
rifle,10
casters,10
line,10
gage,10
piece,10
holder,10
rta,10
benches,10
lawson,10
powder,10
sterilite,10
tmg,10
microwave,10
overhead,10
key,10
cole,10
manufacturing,10
hon,10
bulk,10
bisley,10
cabinetry,10
height,10
tank,10
lowe's,9
general,9
williams,9
vented,9
almirah,9
galvanized,9
proof,9
coated,9
esd,9
accuride,9
bottom,9
credenza,9
sheds,9
vs,9
expanded,9
auto,9
jumbo,9
racking,9
homak,9
to,9
20vidmar,9
bold,9
workstation,9
bookcase,8
handling,8
holding,8
safes,8
surplus,8
justrite,8
capacity,8
steal,8
upper,8
jobsite,8
shipping,8
catalog,8
11,8
manufacturer,8
holders,8
pegboard,8
81,8
makers,8
card,8
quality,8
combination,8
tuff,8
sided,8
hazardous,8
40,8
water,7
modern,7
25,7
lbs,7
spice,7
lb,7
vinmar,7
single,7
mill,7
adjustable,7
accent,7
09,7
stor,7
over,7
hutch,7
service,7
can,7
x8,7
bit,7
combo,7
27,7
41,7
inventory,7
dolly,7
chemical,7
legs,7
huot,7
3.0,7
whalen,7
pigeonhole,7
listaintl,7
u,7
rotabin,7
ss,7
linus,7
vault,7
premium,7
decorative,7
janitorial,7
bearing,7
drafting,6
multidrawer,6
pre,6
rail,6
hinges,6
godrej,6
dorman,6
enclosure,6
32,6
pucel,6
sales,6
stacking,6
gorilla,6
safe,6
locked,6
built,6
flamable,6
road,6
lyons,6
granite,6
ii,6
viper,6
pin,6
bar,6
torin,6
steelworks,6
all,6
classic,6
low,6
site,6
kar,6
northern,6
die,6
prep,6
yukon,6
tables,6
bookshelf,6
stock,6
cantilever,6
fedmax,6
component,6
fireproof,6
pricing,6
20box,6
binz,6
20steel,6
workspace,6
lateral,6
divided,6
cylinder,6
assembled,5
crates,5
ball,5
ea4r361872,5
spare,5
ft,5
a,5
hallowell,5
500,5
reader,5
cabinents,5
case,5
corrosive,5
20bin,5
mind,5
tire,5
horizontal,5
propane,5
prepac,5
shelter,5
1000,5
42,5
website,5
soft,5
close,5
thru,5
saber,5
foot,5
rails,5
tanks,5
era,5
nu,5
acrylic,5
exterior,5
clearview,5
80,5
department,5
snap,5
dipping,5
boltless,5
mechanic,5
supplies,5
inc,5
breakroom,5
tce,5
enclosed,5
household,5
list,5
closed,5
plate,5
quick,5
tip,5
upright,5
crisp,5
montezuma,5
blue,5
architect,5
countertop,5
organizing,5
raaco,5
66,5
buffet,5
weatherproof,5
dragonfire,5
company,5
15,5
flat,5
recessed,5
100,5
silver,5
hinge,5
x5,5
x12,5
big,5
2pk,5
wurth,5
hercke,5
medium,5
weapon,5
sealed,5
king,5
shoe,5
who,5
makes,5
loc,5
indoor,4
mctavishsteelworks,4
pharmacy,4
yellow,4
hot,4
hospital,4
kitchens,4
weapons,4
living,4
2000,4
3000,4
s,4
garages,4
uhd16234,4
tech,4
pallet,4
lunch,4
64,4
fronts,4
block,4
buildings,4
middleford,4
gang,4
tough,4
iron,4
draws,4
proofing,4
gear,4
50,4
medicine,4
wine,4
airtight,4
laminate,4
genie,4
engineering,4
23,4
winsome,4
omega,4
charles,4
c,4
insert,4
st,4
of,4
drawing,4
floating,4
waste,4
01b,4
control,4
pedestal,4
stanleyvidmar,4
geneva,4
gl,4
fuel,4
resin,4
linen,4
midwest,4
cabnits,4
20manufacturing,4
cost,4
caninet,4
metalia,4
ppe,4
where,4
first,4
ready,4
sanduskycabinets,4
aid,4
four,4
bott,4
caninets,4
vegas,4
las,4
dish,4
secureitgunstorage,4
electrical,4
dewalt,4
vista,4
fridge,4
kitchen,4
brown,4
klearvue,4
20storage,4
x13,4
revolving,4
knaack,4
are,4
saracina,4
green,4
sturdy,4
jamco,4
antiques,4
versa,4
diamond,4
draw,4
7,4
works,4
handle,4
interlocking,4
recycle,3
aerosol,3
garagecabinetsonline,3
metalworking,3
record,3
panels,3
expandable,3
dandy,3
h52ch6tr9hdv3,3
resistant,3
316,3
lift,3
mixer,3
novogratz,3
ultra,3
4pk,3
2dmils,3
weather,3
hamilton,3
storages,3
18.5,3
bedroom,3
coat,3
adrian,3
71,3
insulated,3
bakers,3
stationary,3
atlantic,3
lasertron,3
21,3
standards,3
63,3
school,3
solid,3
bowls,3
bookcases,3
regency,3
sideboard,3
just,3
fortress,3
deck,3
stacker,3
mechanics,3
parent,3
pearl,3
piano,3
sports,3
36x18x72,3
round,3
rollers,3
fits,3
building,3
plano,3
sets,3
x2,3
options,3
metals,3
rod,3
companies,3
cade,3
lidded,3
danver,3
845043,3
super,3
vegetable,3
drawes,3
745,3
front,3
workstations,3
bars,3
tafco,3
durable,3
garment,3
art,3
retardant,3
lister,3
liquid,3
csps,3
paper,3
hyper,3
cardboard,3
installation,3
socket,3
purpose,3
pistol,3
200,3
kimball,3
kick,3
toe,3
dry,3
stands,3
soho,3
05,3
narrow,3
plus,3
cleaning,3
operating,3
multipurpose,3
club,3
atlanta,3
ga,3
denver,3
timothy,3
knife,3
freezer,3
inches,3
electronics,3
74,3
pipe,3
distributors,3
essentials,3
uniform,3
cubes,3
down,3
iris,3
herbarium,3
x6,3
mills,3
Total:,3
clipboard,3
battery,3
hooks,3
schaller,3
prices,3
40d,3
304,3
square,3
blickman,3
access,3
lumber,3
cages,3
venmar,3
steelcase,3
order,3
cleanroom,3
mss,3
toilet,3
berry,3
pillowfort,3
rv,3
rousseaumetal,3
trays,3
22,3
shops,3
tabletop,3
28,3
96,3
flame,3
scanner,3
inserts,3
carport,3
milk,3
graphite,3
assemble,3
spool,3
addressograph,3
13,3
station,3
98325,3
rf,3
wheeled,2
neo,2
7ft,2
cabins,2
listacabinets,2
member's,2
nema,2
4x2,2
pass,2
mark,2
35,2
176,2
36x24x72,2
dc48,2
divider,2
madesmart,2
frost,2
19909,2
drum,2
2021,2
mold,2
fabrication,2
nss,2
bamboo,2
rosseau,2
go,2
evidence,2
cup,2
neatfreak,2
satin,2
tv,2
employee,2
26226p02,2
weave,2
easy,2
espresso,2
90,2
dd1120,2
maker,2
248,2
fami,2
ds,2
john,2
packout,2
profile,2
stanless,2
dimensions,2
vulcan,2
janitor,2
strongway,2
customizable,2
assembly,2
summerhouses,2
carports,2
wfx,2
youcopia,2
pulls,2
your,2
spider,2
lynk,2
z,2
fashions,2
rigging,2
toolboxes,2
garagecabinets,2
pullz,2
steeltek,2
dunham,2
guns,2
bn2544,2
masterforce,2
cab,2
stackon,2
vf31301572,2
refrigerant,2
board,2
alder,2
brackets,2
galvanised,2
roto,2
styles,2
servers,2
caseworks,2
head,2
bald,2
26.5,2
birch,2
produce,2
hotc8010bb1s,2
trunk,2
39,2
wrench,2
rs,2
proslat,2
boxs,2
premade,2
flammables,2
679990,2
undershelf,2
power,2
youngstown,2
17,2
engineers,2
uhd20205b,2
contico,2
7957,2
crib,2
vadania,2
1871,2
viking,2
mudroom,2
cd,2
steele,2
lower,2
woven,2
dough,2
cmst22800rb,2
300,2
watch,2
rite,2
task,2
force,2
x24,2
condor,2
stong,2
brands,2
phoenix,2
dental,2
16236b,2
loto,2
supplier,2
37,2
huskey,2
fitting,2
ammo,2
glides,2
swivel,2
540s,2
1105gr,2
comm,2
34,2
55,2
zoro,2
mail,2
honsc1872p,2
5s,2
marine,2
museum,2
watertight,2
wright,2
gars774xeg,2
old,2
blum,2
curio,2
65,2
bradco,2
sinks,2
26,2
saco,2
54,2
15d,2
oversized,2
compact,2
slots,2
triple,2
premier,2
race,2
woodshop,2
hillman,2
standard,2
broom,2
sonic,2
keys,2
military,2
installed,2
mini,2
ship,2
appliance,2
Search,2
elegant,2
36.3,2
factory,2
industrail,2
hanger,2
krl1001bpc,2
g,2
securit,2
acid,2
casework,2
studios,2
3r,2
15.7,2
rusted,2
storing,2
hdpe,2
schrock,2
showroom,2
charging,2
shallow,2
trk,2
emplast,2
good,2
is,2
barker,2
army,2
cabinates,2
90x90x24,2
frames,2
light,2
11.5,2
r,2
items,2
pvc,2
onyx,2
basics,2
temporary,2
kitchenette,2
rollaway,2
butcher,2
hobart,2
uhd16236b,2
salsbury,2
way,2
blush,2
007,2
aobabo,2
select,2
cache,2
maintenance,2
securall,2
rotabins,2
inval,2
cases,2
xtreme,2
between,2
medallion,2
stell,2
storex,2
most,2
rectangular,2
day,2
axis,2
mid,2
lab,2
54.5,2
gracious,2
silverline,2
firearm,2
explosion,2
technology,2
storeage,2
retractable,2
40716,2
sunstone,2
herke,2
grey,2
ctech,2
stationery,2
ac3624y,2
terms,2
sliders,2
g3624w,2
collapsible,2
sam's,2
edge,2
elite,2
lund,2
rated,2
guides,2
heating,2
storloc,2
outs,2
utensil,2
tops,2
fg708300michr,2
30d,2
fabricators,2
hi,2
desktop,2
countertops,2
bread,2
clarity,2
av,2
buy,2
jaken,2
suncast,2
knight,2
rugged,2
redline,2
weatherhead,2
office,2
brushed,2
smart,2
5pc,2
cabparts,2
dock,2
pneumatic,2
nickel,2
sterile,2
tactical,2
44,2
giant,2
little,2
48x24x78,2
nsf,2
africa,2
south,2
golf,2
craftline,2
pot,2
manhattan,2
sizes,2
f14001b,2
hangups,2
108,2
m,2
vehicles,2
12x8x8,2
process,2
wheelie,2
bookshelves,2
fume,2
formica,1
k,1
shs48ws,1
84,1
storewell,1
roadchest,1
matrix,1
ar,1
cutting,1
tub,1
30016,1
pioneer,1
2216,1
bawer,1
hbr782478w4r,1
brownsville,1
fort,1
respirator,1
styrke,1
010,1
tx,1
dallas,1
michael,1
jars,1
per,1
330lb,1
hung,1
bestequip,1
honsc1872q,1
bmccpd,1
aurora,1
il,1
173,1
tn,1
fabricator,1
retro,1
70,1
multiple,1
cpu,1
72x36x18,1
myers,1
back,1
520,1
worksmart,1
enterprises,1
crystal,1
mop,1
ca41361872,1
945822,1
gsc,1
technologies,1
dip,1
edsel,1
machinists,1
vevor,1
visual,1
cambridge,1
toy,1
humble,1
trademark,1
crew,1
uhd20164b,1
canadian,1
classico,1
75,1
x7,1
x10,1
59,1
saftey,1
lakeside,1
77,1
24x24x60,1
rise,1
widespan,1
receiving,1
antimicrobial,1
center,1
anti,1
static,1
carquest,1
shopnewage,1
jamestown,1
wedge,1
kv8810,1
ul,1
listed,1
mullions,1
maxworks,1
80694,1
hefty,1
06705,1
honsc1842p,1
tabco,1
advertising,1
advance,1
recycling,1
4034,1
electrician,1
warwick,1
shark,1
binwarehouse,1
mayne,1
akrodrawers,1
25995,1
holc6010bb1m,1
500kg,1
own,1
i,1
scu3126al,1
garsge,1
workroom,1
hammerhead,1
studs,1
32.5,1
fastrak,1
gawg28kvew,1
or,1
homestead,1
20.5,1
36.5,1
rheyn,1
detent,1
dentist,1
bibb,1
knack,1
dwst22644,1
730591,1
source,1
collection,1
geer,1
berkshire,1
patrick,1
search,1
Other,1
potomac,1
3.5,1
x11,1
keyless,1
sterlite,1
affixx,1
tap,1
same,1
sandblasting,1
rural,1
hoosier,1
stroage,1
strongblock,1
felt,1
bigrackshack,1
carbide,1
america,1
plat,1
particle,1
carlyle,1
narcotic,1
msc,1
melamine,1
indistrial,1
item,1
virgil,1
fcmp,1
turntable,1
screen,1
prefab,1
royston,1
16qt,1
guard,1
ceiling,1
sws,1
qt,1
vidmarlista,1
pdc,1
22bk,1
37.5,1
hostack,1
shs41pcrc8d,1
tambour,1
kitlock,1
corrosion,1
cmst,1
30cmx60cm,1
tuffstore,1
timesetl,1
bong,1
cabniets,1
potato,1
susan,1
crazy,1
sullivans,1
24x24,1
035,1
lpbin,1
sb120,1
gry,1
mustard,1
packing,1
loss,1
prevention,1
euro,1
ecabinets,1
mirror,1
meta,1
ambulance,1
t60l7570,1
seat,1
stool,1
finishing,1
hout,1
drawered,1
middle,1
partitions,1
gladitor,1
total,1
express,1
westmark,1
drainboards,1
78,1
comercial,1
gua,1
strictly,1
simplehouseware,1
bowman,1
reclaimed,1
25d,1
‡§ï‡§ø‡§ö‡§®,1
‡§∏‡•ç‡§ü‡•Ä‡§≤,1
er842484w4,1
arteza,1
52,1
semi,1
artz,1
2nd,1
rollcab,1
ductless,1
entertainment,1
xl,1
4091,1
pesticide,1
customized,1
treston,1
wadrobe,1
corp,1
sae,1
vent,1
60cm,1
colorado,1
hopper,1
nvr,1
continuous,1
commclad,1
lighted,1
iconic,1
freedom,1
mr482478w5,1
hbr902490w5,1
mesh1,1
aperture,1
caddy,1
trim,1
4.5,1
metalkris,1
mm,1
sotebox,1
lorell,1
ion,1
asecos,1
lights,1
about,1
basement,1
fastner,1
wicker,1
hand,1
metric,1
unity,1
gdk,1
removable,1
pullout,1
hood,1
juvale,1
covering,1
cmst22752rb,1
ip68,1
collectibles,1
dwst08260,1
beauty,1
dvr,1
fabricated,1
alcohol,1
3634,1
storall,1
strybuc,1
metro,1
fuse,1
shleving,1
stud,1
brady,1
dual,1
dorm,1
fabuwood,1
biological,1
hoods,1
console,1
sure,1
gajg36fdzw,1
perfect,1
cmst14520,1
aed,1
galg36kdzw,1
estate,1
8x8x8,1
pressure,1
bracket,1
deere,1
rotary,1
7pc,1
place,1
ekby,1
j2478subk,1
mossby,1
luxury,1
cmst23201rb,1
meet,1
newagepro,1
1105,1
canisters,1
mercantile,1
trades,1
flam,1
factories,1
449959,1
tack,1
garmet,1
mss+,1
sclipstr,1
tea,1
dwst22760,1
dream,1
20classics,1
gs00765021,1
acs,1
nursery,1
spreader,1
prelude,1
direct,1
4x11,1
whiteboard,1
bulb,1
columbus,1
comfort,1
g2801b,1
4x15,1
d931,1
307,1
signature,1
area,1
ashley,1
hangers,1
gabinwell,1
jerry,1
solvent,1
trex,1
hughes,1
seagrass,1
caster,1
flap,1
sacramento,1
kratos,1
ea4r362472,1
ur3672,1
ultimate,1
cook,1
underbed,1
proofer,1
ariel,1
peach,1
349,1
bowl,1
fit,1
pallets,1
thor,1
uhd20234b,1
ello,1
2don,1
shuter,1
cabints,1
workcenter,1
cargo,1
bs,1
frameless,1
slat,1
cordless,1
oxo,1
advantus,1
compartments,1
8w,1
dragonfiretools,1
bullet,1
8h,1
34075,1
19228,1
mastercraft,1
43,1
clips,1
gajg36grdg,1
vaultek,1
farm,1
138,1
wheel,1
convenience,1
cash,1
jorgensen,1
geardrawer,1
1600,1
bellmont,1
sorter,1
sockets,1
3pc,1
cloth,1
pop,1
my,1
starmark,1
cmst22751rb,1
sawbox,1
powered,1
hol,1
005,1
uhd16236,1
47.5,1
wilsonart,1
http,1
rods,1
magnetic,1
grid,1
keypad,1
republic,1
one,1
hoppers,1
mc,1
viola,1
park,1
partsbins,1
emp,1
smoke,1
stockroom,1
shredding,1
herbicide,1
autojack,1
certified,1
concession,1
trailers,1
moya,1
stainess,1
bonnlo,1
lau,1
replacement,1
clinton,1
lawn,1
ulhd,1
din,1
tri,1
boro,1
kcma,1
prodyne,1
beads,1
towel,1
2x2,1
x3,1
danvers,1
deluxe,1
undercounter,1
sumter,1
korn,1
simplify,1
snugniture,1
drawrs,1
12qt,1
glancy,1
barrister,1
monster,1
truckvault,1
363,1
sc,1
feet,1
sandpaper,1
time,1
capsule,1
qmi,1
cubical,1
storstabbe,1
painted,1
5405,1
deals,1
movable,1
benchs,1
gearlocker,1
lathe,1
storagechest,1
697990,1
3611b,1
network,1
rackmount,1
trolly,1
college,1
tracks,1
ur184872,1
htc1000008,1
dd1115,1
bucket,1
morgue,1
soil,1
greenville,1
vwr,1
garge,1
erz772472wl3,1
cmst24800rb,1
model,1
49,1
694990,1
dehumidifying,1
sytems,1
flour,1
magnet,1
h52tr9hd,1
steelrack,1
jefsteel,1
boxie,1
arp,1
galg36ckkw,1
man,1
cave,1
types,1
uhd20148b,1
gawg28fvew,1
uhd16236s,1
pick,1
levelers,1
storgae,1
prosteel,1
hamper,1
tube,1
wolf,1
wayfair,1
steelcabinetsusa,1
vinyl,1
saving,1
adelaide,1
compressed,1
banding,1
cabnet,1
4x,1
240pc,1
goliath,1
instock,1
toughsystem,1
nesting,1
together,1
drying,1
drainer,1
dryer,1
lp,1
fob,1
ur4416bin36,1
allsteel,1
ge,1
curing,1
excellence,1
kamado,1
gridiron,1
lots,1
bino,1
belmont,1
stamp,1
n,1
tiered,1
term,1
fragile,1
2633,1
stak,1
ez,1
making,1
choice,1
simplehuman,1
canvas,1
mansfield,1
wyndenhall,1
cmst82772rb,1
x14,1
hasp,1
ace,1
cooling,1
fan,1
shelters,1
plexiglass,1
merrillite,1
h52ch6tr9hd,1
egcvc18,1
bottle,1
bureau,1
counters,1
taser,1
homecrest,1
kv,1
8500,1
tu,1
burroughs,1
accessories,1
vision,1
weatherguard,1
kolbjorn,1
tl35258gr,1
hyacinth,1
regular,1
wbc30d,1
grain,1
inside,1
galg36ckxg,1
honolulu,1
slotted,1
slatwall,1
gajg48kdyg,1
self,1
group,1
technocraft,1
brightroom,1
vidaxl,1
axcess,1
hotc5623bb2s,1
durhammfg,1
gajg48kdzw,1
tipout,1
press,1
brake,1
32in,1
dottus,1
indian,1
aged,1
stoage,1
armory,1
luxor,1
xlc11,1
b,1
weight,1
holt,1
stoarge,1
drawera,1
banquet,1
hoffman,1
systembuild,1
7362401pcom,1
air,1
tight,1
metering,1
rat,1
dishwasher,1
buddyproducts,1
savage,1
stirage,1
index,1
shure,1
benchmark,1
quadro,1
panel,1
empak,1
trucks,1
10144redblk,1
kapal,1
v,1
nose,1
stainles,1
paris,1
chique,1
appliances,1
heated,1
hdc,1
244878,1
4s95,1
three,1
pc5003c,1
shelterlogic,1
cubicle,1
12x25x11,1
sheltertube,1
snow,1
load,1
bendheim,1
decal,1
bolted,1
century,1
hard,1
server,1
morton,1
beach,1
interior,1
611,1
international,1
shd,1
rigid,1
almari,1
steelcabinet,1
482478w5,1
digital,1
baldheadcabinets,1
150,1
bankers,1
affordable,1
ur,1
245pbb,1
camila,1
extinguisher,1
window,1
pink,1
wallmaster,1
split,1
refrigerated,1
aging,1
rackit,1
üí•,1
5.5,1
pencil,1
teal,1
shaker,1
composite,1
maikai,1
stations,1
wardrobes,1
surfaces,1
winston,1
360,1
manufactured,1
unistrut,1
artcrest,1
medal,1
sc35d,1
flip,1
copco,1
miami,1
filing,1
sunco,1
birmingham,1
ana,1
lefebure,1
b00wnnysjg,1
topping,1
freeze,1
gsa,1
x4,1
nkca,1
devon,1
canopy,1
copper,1
bush,1
universal,1
gasoline,1
condiment,1
893000,1
bentwood,1
woodmark,1
specifications,1
hettich,1
mason,1
jar,1
ltd,1
size,1
copenhagen,1
lego,1
brick,1
knobs,1
cres,1
cor,1
fiberglass,1
icon,1
runners,1
half,1
uhd20143b,1
erie,1
body,1
greensboro,1
commerical,1
akron,1
tek,1
police,1
blocks,1
rope,1
screws,1
pinnacle,1
cmst24110rb,1
holc7218bb1mys,1
https,1
afield,1
knotty,1
bmccpd3600,1
labratory,1
workplace,1
18g,1
c2m,1
copier,1
stevens,1
id,1
lpbins,1
gawg302dzw,1
unfinished,1
maple,1
hardwood,1
vid,1
mar,1
performax,1
1ufd5,1
crafts,1
salvage,1
uhd16238b,1
waitress,1
mouse,1
san,1
antonio,1
21.5,1
tennesco,1
durabox,1
refrigeration,1
richmond,1
va,1
4pc,1
torino,1
akrobins,1
tmi,1
punched,1
riser,1
grage,1
oci,1
19,1
refrigerator,1
polypropylene,1
gasket,1
osculati,1
swivelling,1
davit,1
cabin,1
section,1
gatehouse,1
s838,1
466,1
19715,1
lenox,1
2022,1
prefabricated,1
glassdoor,1
short,1
substance,1
closeout,1
dragon,1
look,1
hpl,1
saddle,1
flamible,1
midwestracecabinets,1
ccd,1
2dc31,1
woodworking,1
72in,1
fillip,1
scu1023al,1
naturekast,1
steelcabinets,1
auction,1
teamson,1
shea,1
pace,1
suppliers,1
refurbished,1
fast,1
sorters,1
cabinetsbyhayley,1
coupon,1
blaze,1
blz,1
architects,1
uhd20227b,1
filling,1
49ers,1
tilting,1
stillage,1
abs,1
mountable,1
grayline,1
cabnit,1
track,1
clean,1
47,1
assorted,1
2in,1
14in,1
46in,1
waypoint,1
playroom,1
rta7000,1
gara904xig,1
stereo,1
master,1
slatbox,1
life,1
jacket,1
flow,1
versatility,1
champion,1
1871gr,1
crate,1
lion,1
ac3624y3as,1
drw3,1
season,1
urbana,1
personal,1
car,1
port,1
sun,1
at,1
p,1
lam,1
fargo,1
pinewood,1
cabinetnow,1
emcor,1
dunnage,1
fabrikor,1
rollout,1
g2802w,1
cbinets,1
straight,1
3501,1
bdlp,1
102,1
3s,1
rust,1
carbon,1
sa42361872,1
07,1
enamel,1
freezeup,1
mechanical,1
hose,1
extreme,1
stores,1
hbr782478w4,1
sst,1
bank,1
grills,1
surface,1
dugg,1
apothecary,1
vidmars,1
harness,1
dollies,1
tankstorm,1
convector,1
pemberly,1
row,1
30x30,1
boscotek,1
liquidators,1
framed,1
fleximount,1
banker,1
602478w5,1
remline,1
cupboard,1
1522,1
polymer,1
dura,1
supreme,1
houston,1
ws721874,1
800,1
microfilm,1
island,1
Account,1
